Month,Number_of_Days,Average_Temperature,Min_Temperature,Max_Temperature
5,31,65.54838709677419,56,81
6,30,79.1,65,93
7,31,83.90322580645162,73,92
8,31,83.96774193548387,72,97
9,30,76.9,63,93
